Artikel-Nummer,Artikeltyp,CreatedAt,Grafikname(n),Artikelbeschreibung,Kurzbeschreibung,Langtext,Hersteller,Länge(mm),Breite(mm),Höhe(mm),Gewicht(kg),Verkaufspreis,Auf Lager,Veröffentlicht_Status,Shopartikel,Einheit,EAN,Hauptkategorien_A_(entsprechen_den_Kategorien_im_Shop),Unterkategorien_A_(entsprechen_den_Kategorien_im_Shop),Hauptkategorien_B_(entsprechen_den_Kategorien_im_Shop),Unterkategorien_B_(entsprechen_den_Kategorien_im_Shop),ItemUUID,BoxID,Location,Label,UpdatedAt
000001,,2026-01-05T12:49:59.993Z,/media/I-050126-0001/00001-1.png,Test,test test,,revamp,20,30,40,50,60,1,false,0,Stk,,Computer_und_Komplettsysteme,Komplettsysteme,,,I-050126-0001,,,,2026-01-05T12:49:59.993Z
000002,,2026-01-05T17:46:44.527Z,/media/I-050126-0002/00002-1.png,D34010WYKH,,,,,,,,0,1,false,0,Stk,,,,,,I-050126-0002,,,,2026-01-05T17:46:44.527Z
001097,W,2025-11-19T16:15:40.425Z,/media/I-191125-0037/vlcsnap-2024-09-05-15h11m19s856.png,Seagate ST3500418AS 500GB,"Die Seagate ST3500418AS ist eine 500 GB Festplatte im 3,5-Zoll-Format, konzipiert für Desktop-Computer und NAS-Systeme. Mit einer Geschwindigkeit von 7200 RPM und einer 16 MB Cache sorgt sie für zuverlässige und schnelle Datentransfers.","{""Kapazität [GB]"":""500"",""Schnittstelle"":""SATA-2 (3Gb/s)"",""Drehzahl [RPM]"":""7200"",""Cache [MB]"":""16"",""Formfaktor"":""3.5 Zoll"",""Qualität"":""Ok""}",Seagate,146,102,21,0.7,0,3,false,1,Stk,,Festplatten_Flashcards_Sticks,Festplatte,,,I-191125-0037,B-191125-0001,,,2026-01-05T18:25:25.572Z
001167,W,2025-11-19T16:26:04.903Z,/media/I-191125-0044/1167-2.jpeg,Hitachi Deskstar HDS722516VLAT80,"Die Hitachi Deskstar HDS722516VLAT80 ist eine 160 GB IDE-Festplatte im 3,5-Zoll-Format mit 7200 U/min und 8 MB Cache. Sie bietet schnellen Datenzugriff und ist ideal für Desktop-Anwendungen.","{""Kapazität [GB]"":""160"",""Drehzahl [RPM]"":""7200"",""Schnittstelle"":""IDE PATA"",""Formfaktor"":""3.5 Zoll"",""Cache [MB]"":""8"",""Qualität"":""Ok""}",Hitachi,147,1016,261,0.62,0,1,false,1,Stk,,Festplatten_Flashcards_Sticks,Festplatte,Festplatten_Flashcards_Sticks,Festplatte,I-191125-0044,B-191125-0001,,,2026-01-05T18:25:25.572Z
001263,W,2026-01-06T10:37:36.918Z,/media/I-191225-0002/00_01_x41.jpg,IBM/Lenovo Thinkpad X41,,,Lenovo / IBM,0,0,0,0,0,1,false,1,Stk,,,,,,I-060126-0001,,,,2026-01-06T10:37:36.918Z
001263,W,2025-12-19T11:30:19.941Z,/media/I-191225-0002/00_01_x41.jpg,IBM/Lenovo Thinkpad X41,,,Lenovo / IBM,0,0,0,0,0,2,false,1,Stk,,,,,,I-191225-0002,,,,2026-01-05T18:25:25.572Z
001501,W,2025-11-19T16:21:54.489Z,/media/I-191125-0042/WD5000AAKS-00V1A0.jpg,Western Digital WD5000AAKS-00V1A0 500GB,"Die Western Digital WD5000AAKS-00V1A0 ist eine zuverlässige interne Festplatte mit 500 GB Speicher, ideal für Desktop-PCs. Sie bietet eine Hochgeschwindigkeit von 7200 RPM und eine SATA II-Schnittstelle mit 3 Gbit/s, was sie zur perfekten Wahl für effizientes Datenmanagement macht.","{""Kapazität [GB]"":""500"",""Schnittstelle"":""SATA II 3.0 Gb/s"",""Drehzahl [RPM]"":""7200"",""Cache [MB]"":""16"",""Formfaktor"":""3.5 Zoll"",""Qualität"":""Ok""}",WesternDigital,1778,1016,26,0.6,0,1,false,1,Stk,,Festplatten_Flashcards_Sticks,Festplatte,,,I-191125-0042,B-191125-0001,,,2026-01-05T18:25:25.572Z
001503,W,2025-11-19T16:05:32.683Z,/media/I-191125-0029/IMG20240415161500.jpg,Western Digital WD5000AAKX 500GB,"Die Western Digital WD5000AAKX ist eine zuverlässige 500 GB Festplatte im 3,5-Zoll Format mit einer Rotationsgeschwindigkeit von 7200 RPM. Sie verfügt über eine SATA-Schnittstelle von 6 Gb/s und ist ideal für Desktop-Computer geeignet.","{""Kapazität [GB]"":""500"",""Schnittstelle"":""SATA 6 Gb/s"",""Formfaktor"":""3.5 Zoll"",""Drehzahl [RPM]"":""7200"",""Cache [MB]"":""16"",""Qualität"":""Ok""}",WesternDigital,150,105,25,0.45,0,1,false,1,Stk,,Festplatten_Flashcards_Sticks,Festplatte,,,I-191125-0029,B-191125-0001,,,2026-01-05T18:25:25.572Z
000167,W,2025-11-19T23:36:13.293Z,/media/I-201125-0006/Monitorkabel_DVI_5009a0eb3acdf.jpg,Monitorkabel DVI-D single link,,,diverse,0,0,0,0.3,0,91,false,1,Menge,,,,,,I-201125-0006,B-201125-0001,,,2026-01-05T18:25:25.572Z
000017,W,2025-11-19T23:57:59.266Z,/media/I-201125-0012/Stromkabel_PC_Sc_4d83816cc09e3.jpg,Stromkabel PC Schweiz,,,unbekannt,0,0,0,0.2,0,117,false,1,Menge,,,,,,I-201125-0009,B-201125-0002,,,2026-01-05T18:25:25.572Z
019029,,2025-11-17T09:20:10.136Z,/media/I-171125-0001/00002-1.png,LG Super Multi Blue BE14,"Der LG Super Multi Blue BE14 ist ein externer Blu‑Ray/DVD-Writer, der eine maximale Schreibgeschwindigkeit von 14x für BD-R bietet. Mit Unterstützung für USB 3.0 und 2.0, BDXL und M-Disc ist er ideal für vielseitige Anwendungen.","{""Model"":""Super Multi Blue BE14"",""Schnittstelle"":""USB 3.0/2.0"",""BD-R Schreibgeschwindigkeit"":""14x"",""Unterstützte Discs"":""BDXL,M-Disc,DVD±R,DVD±RW,DVD-RAM,CD-R,CD-RW"",""Cache"":""4 MB"",""Qualität"":""Ok""}",LG Electronics,101,163,52,0.75,0,1,false,0,Stk,,Laufwerke_fuer_Medien,CD_DVD_BluRay,,,I-171125-0001,B-171125-0001,,,2026-01-05T18:25:25.572Z
019031,,2025-11-17T09:51:18.042Z,/media/I-171125-0003/00004-1.png,Medion KB313U,"Die Medion KB313U ist eine hochwertige USB-A 2.0 Tastatur mit QWERTY-Layout, die für eine komfortable Eingabe konzipiert wurde. Sie bietet ein numerisches Tastaturfeld und wiegt nur 413 g.","{""Hersteller"":""Medion"",""Modell"":""KB313U"",""Anschlusstyp"":""USB-A 2.0"",""Tastaturart"":""mechanisch"",""Numpad"":""Ja"",""Layout"":""QWERTY"",""Qualität"":""Ok""}",Medion,165,391,381,0.413,0,1,false,0,Stk,,Tastatur_Maus_Spielsteuerung_Virtual_Reality,Tastatur,,,I-171125-0003,B-171125-0001,,,2026-01-05T18:25:25.572Z
019032,,2025-11-17T11:03:36.495Z,/media/I-171125-0004/00005-1.png,HP Nvidia GT 730 (D17M1HP-GRAYLING REV: 1.01),"Eine kompakte, HP-etikettierte Grafikkarte auf Basis der NVIDIA GeForce GT 730. Das Modell verfügt über 2 GB DDR3-Speicher, einen Speicher-Takt von 900 MHz und einen GPU-Takt von 902 MHz. Die Karte unterstützt DisplayPort und DVI, läuft in einem kleinen Form-Factor (SFF) und ist über PCIe x8 angebunden.","{""GPU"":""NVIDIA GeForce GT 730"",""Speicherkapazität"":""2GB"",""Speicher-Typ"":""DDR3"",""Speicher-Takt"":""900MHz"",""GPU-Takt"":""902MHz"",""Anschluss"":""DisplayPort, DVI"",""Formfaktor"":""Small Form Factor (SFF)"",""PCIe-Lane"":""x8"",""Qualität"":""Ok""}",HP,149,68,18,0.136,0,1,false,0,Stk,,Steckkarten,Graphikkarte,,,I-171125-0004,B-171125-0002,,,2026-01-05T18:25:25.572Z
019033,,2025-11-17T11:10:55.997Z,/media/I-171125-0005/00006-1.png,ASUS GeForce GTX 970 DirectCU Mini,"Die ASUS GeForce GTX 970 DirectCU Mini ist eine kompakte Grafikkarte, die für Mini-ITX-Systeme optimiert ist. Mit einer Länge von nur 170 mm passt sie in die meisten kleinen Gehäuse und bietet dank der DirectCU-Technologie eine effiziente Kühlung für ein leises Gaming-Erlebnis.","{""Modell"":""GeForce GTX 970 DirectCU Mini"",""Grafikprozessor"":""GM204"",""CUDA-Kerne"":""1664"",""Speichergröße [GB]"":""4"",""Speicherbus"":""256-Bit"",""Basis-Taktfrequenz [MHz]"":""1088"",""Boost-Taktfrequenz [MHz]"":""1228"",""Kühltechnologie"":""DirectCU mit Vapor-Chamber"",""Abmessungen [mm]"":""170,120,35"",""Qualität"":""Ok""}",Asus,170,120,35,1.2,0,1,false,0,Stk,,Steckkarten,Graphikkarte,,,I-171125-0005,B-171125-0002,,,2026-01-05T18:25:25.572Z
019034,,2025-11-17T11:38:16.500Z,/media/I-171125-0006/00007-1.png,NVIDIA NVS 300,"Die NVIDIA NVS 300 ist eine hochauflösende, multi-display Business-Grafikkarte, die bis zu zwei Monitore mit 2560 × 1600 px unterstützt. Sie verfügt über einen 512 MB DDR3 Speicher, einen 520 MHz GPU-Takt, 16 CUDA-Kerne und ein 64-Bit-Speicherinterface, alles in einem platzsparenden Low-Profile-Design.","{""Produkt"":""NVIDIA® NVS™ 300"",""GPU-Clock"":""520 MHz"",""CUDA-Kerne"":""16"",""Grafik‑RAM"":""512 MB GDDR3"",""Speicherinterface"":""64‑bit"",""Speicherbandbreite"":""12.6 GB/s"",""Ausgänge"":""DVI, VGA, DisplayPort, DMS‑59 (Dual‑Head)"",""Max. Auflösung"":""2560 × 1600 px (DisplayPort), 1920 × 1200 px (DVI)"",""Verbindung"":""PCI‑Express 2.0 x16"",""Einführung"":""8. Januar 2011"",""End-of-Life"":""Nicht mehr produziert"",""Typ"":""Low‑Profile, Dual‑Head, Low‑Height"",""Einsatzbereich"":""Business‑Grafik, Small‑Form‑Factor und Standard‑PCs"",""Qualität"":""Ok""}",NVIDIA,144,657,69,0.65,0,1,false,0,Stk,,Steckkarten,Graphikkarte,,,I-171125-0006,B-171125-0002,,,2026-01-05T18:25:25.572Z
019035,,2025-11-17T11:41:47.820Z,/media/I-031225-0002/19035-1.jpeg,AMD B170 ATI Radeon 256MB DVI S-Video PCIe Video Graphics Card,"Die AMD B170 ist eine kompakte Grafikkarte mit 256 MB dediziertem Speicher, ausgestattet mit DVI- und S-Video-Ausgängen. Ideal für grundlegende Grafikaufgaben und kompatibel mit Slim-Formfaktor-PCs.","{""Model"":""B170"",""Speichergröße [MB]"":""256"",""Schnittstelle"":""PCIe"",""Videoanschlüsse"":""DVI-I, S-Video"",""Qualität"":""Ok""}",Advanced Micro Devices,180,70,20,0.2,0,1,false,0,Stk,,Steckkarten,Graphikkarte,,,I-031225-0002,B-171125-0002,,,2026-01-05T18:25:25.572Z
019036,,2025-12-03T14:11:59.741Z,/media/I-171125-0008/00009-1.png,NVIDIA GeForce GT220 Grafikkarte von Pegatron (Modell P684) mit 1 GB DDR3-Speicher,"Ersatzteil für Computer, kompatibel mit PCI-Express-Slot","Die NVA-P684-000 (B.) Grafikkarte von Pegatron basiert auf der NVIDIA GeForce GT220 Architektur und bietet 1 GB an DDR3-Speicher, perfekt für Videobearbeitung von DVD-Qualität bis HD-Level und spielfähige Leistung bei beliebten Spielen. Sie verfügt über VGA-, DVI- und HDMI-Anschlüsse und ist durch ihre geringe Größe leicht einbaufreundlich in Notebooks oder Desktops.",Pegatron,0,0,0,0,0,1,false,0,Stk,,,,,,I-031225-0003,B-031225-0001,,,2026-01-05T18:25:25.572Z
019037,,2025-11-17T11:51:51.634Z,/media/I-171125-0009/00010-1.png,BobcatATX-30-M04,"Die BobcatATX-30-M04 ist eine Low-Profile-Grafikkarte (ATI Radeon HD 3450), die unter der HP „Bobcat“-Serie verkauft wird. Sie eignet sich besonders für Systeme mit begrenztem Platzangebot.","{""Model"":""BobcatATX-30-M04"",""Grafikspeicher [MB]"":""256"",""Schnittstelle"":""PCI-Express"",""Kompatibilität"":""PCI-E-Steckplatz"",""Qualität"":""Ok""}",HP,101,52,27,0.3,0,1,false,0,Stk,,Steckkarten,Graphikkarte,,,I-171125-0009,B-171125-0002,,,2026-01-05T18:25:25.572Z
019038,,2025-11-17T13:14:11.648Z,/media/I-171125-0010/00011-1.png,D17M1HP-GRAYLING REV: 1.01 c (kürzer Blende),"HP Video‑graphics‑Card „D17M1HP‑Grayling“ in Revision 1.01 c. • 2 GB GDDR3‑Speicher, 900 MHz Speicher‑Clock • 902 MHz GPU‑Clock • PCIe x8‑Schnittstelle • Anschlüsse: DisplayPort DP + DVI (Au‑Kabel) • Modell basiert auf NVIDIA GeForce GT 730.","{""Hersteller"":""HP"",""Modell"":""D17M1HP‑Grayling"",""Revision"":""1.01 c"",""GPU"":""NVIDIA GeForce GT 730"",""Speichergröße"":""2 GB"",""Speichertyp"":""GDDR3"",""Speicher‑Clock"":""900 MHz"",""GPU‑Clock"":""902 MHz"",""Schnittstelle"":""PCIe x8"",""Anschlüsse"":""DisplayPort DP + DVI"",""Qualität"":""Ok""}",HP,150,68,18,0.136,0,2,false,0,Stk,,Steckkarten,Graphikkarte,,,I-171125-0010,B-171125-0002,,,2026-01-05T18:25:25.572Z
019039,,2025-11-17T13:23:44.351Z,/media/I-171125-0011/00012-1.png,HP Nvidia GT 730 Grayling 2GB (822349-001),"Die HP Nvidia GT 730 Grayling 2GB ist eine kompakte Grafikkarte mit 2 GB DDR3-Speicher und einer PCI-Express x8-Schnittstelle, ideal für Multimedia- und Gaming-Anwendungen.","{""Hersteller"":""HP"",""GPU Modell"":""GT 730"",""Speichergröße"":""2 GB"",""Speichertyyp"":""DDR3"",""Interface"":""PCI-Express x8"",""Features"":""Kleinformat-Design, Unterstützung für mehrere Monitore"",""Kühler"":""Aktiver Lüfter"",""Qualität"":""Ok""}",HP,145,69,20,0.1,0,3,false,0,Stk,,Steckkarten,Graphikkarte,,,I-171125-0011,B-171125-0002,,,2026-01-05T18:25:25.572Z
019040,,2025-11-17T13:49:13.191Z,/media/I-171125-0012/00013-1.png,Dell ATI Radeon X1300 Pro (109-A92431-20),"Die Dell ATI Radeon X1300 Pro (109-A92431-20) ist eine Low-Profile-Grafikkarte mit PCI-Express x16-Schnittstelle, ausgestattet mit 256 MB GDDR2 SDRAM und einem 128-bit Speicherbus. Sie unterstützt mehrere Videoausgänge, darunter DVI-D, PS/2 und S-Video, und eignet sich besonders für kompakte Desktop-PCs.","{""Hersteller"":""Dell"",""Chipsatz"":""ATI Radeon X1300 Pro"",""Schnittstelle"":""PCI-Express x16"",""Speicher"":""256 MB GDDR2 SDRAM"",""Speicherbus"":""128 bit"",""Videoausgänge"":""DVI-D,PS/2,S-Video"",""Design"":""Low-Profile"",""GPU-Frequenz"":""256 MHz"",""Verwendung"":""für Dimension, Inspiron, OptiPlex, Vostro Desktop-Modelle"",""Treiber verfügbar"":""Dell Support"",""Qualität"":""Ok""}",Dell,204,100,20,0.15,0,1,false,0,Stk,,Steckkarten,Graphikkarte,,,I-171125-0012,B-171125-0002,,,2026-01-05T18:25:25.572Z
019041,,2025-11-17T13:53:11.931Z,/media/I-171125-0013/19041-1.jpeg,ATI Radeon HD 2400 XT (109-B27631-00),"Die ATI Radeon HD 2400 XT (109-B27631-00) ist eine kompakte Low-Profile-Grafikkarte für platzsparende Systeme. Sie bietet 256 MB DDR2-Grafikspeicher und eine PCI-Express x16-Schnittstelle, optimiert für Slim-Form-Factor-PCs und OEM-Systeme.","{""Model"":""ATI Radeon HD 2400 XT"",""Speicher [MB]"":""256"",""Schnittstelle"":""PCI-Express x16"",""API"":""DirectX 9.0c,OpenGL 2.0"",""Anschlüsse"":""DVI,S-Video"",""GPU Taktrate [MHz]"":""650"",""Datenbus [Bit]"":""128"",""Leistungsaufnahme [W]"":""25"",""Qualität"":""Ok""}",ATI,167,20,69,0.18,0,4,false,0,Stk,,Steckkarten,Graphikkarte,,,I-171125-0013,B-171125-0002,,,2026-01-05T18:25:25.572Z
019042,,2025-11-17T14:01:47.221Z,/media/I-171125-0014/00015-1.png,ATI Radeon X300 128MB DDR 64bit PCIe,"Die ATI Radeon X300 128MB DDR 64bit PCIe ist eine Grafikkarte mit 128MB DDR-Speicher und einer PCIe-Schnittstelle, geeignet für Multimedia-Anwendungen und einfache Spiele. Diese Karte nutzt einen passiven Kühlkörper und hat eine maximale Leistungsaufnahme von weniger als 30W.","{""Modell"":""Radeon X300"",""Speichergröße [MB]"":""128"",""Speichertyp"":""DDR"",""Speicherbus"":""64 bit"",""Maximale Leistung"":""< 30W"",""Kühlung"":""Passiver Kühlkörper"",""Maximale Taktrate GPU"":""371 MHz"",""Speichertakt"":""392 MHz"",""Schnittstelle"":""PCI-Express"",""Qualität"":""Ok""}",ATI Technologies,210,60,25,0.15,0,1,false,0,Stk,,Steckkarten,Graphikkarte,,,I-171125-0014,B-171125-0002,,,2026-01-05T18:25:25.572Z
019043,,2025-11-18T13:13:03.493Z,/media/I-181125-0001/00016-1.jpeg,Toshiba 661697-001 500GB,"Die Toshiba 661697-001 ist eine 3,5"" Festplatte mit 500 GB Speicher und 7200 RPM, ideal für Desktop- und Server-Anwendungen.","{""Kapazität [GB]"":""500"",""Schnittstelle"":""SATA III"",""Formfaktor"":""3.5 Zoll"",""Drehzahl [RPM]"":""7200"",""Cache [MB]"":""32"",""Qualität"":""Ok""}",Toshiba,145,102,25,0.45,0,1,false,0,Stk,,Festplatten_Flashcards_Sticks,Festplatte,,,I-181125-0001,B-181125-0001,,,2026-01-05T18:25:25.572Z
019044,,2025-11-18T15:39:51.887Z,/media/I-181125-0002/00018-1.jpeg,Seagate Barracuda 500GB (PN:1BD142-021),"Die Seagate Barracuda 500GB Festplatte bietet eine herausragende Speicherlösung mit 500 GB Kapazität im zuverlässigen 3,5-Zoll-Formfaktor. Sie arbeitet mit einer Drehzahl von 7200 RPM und einer SATA III-Schnittstelle (6 Gb/s), um schnelle Datenübertragungen zu gewährleisten. Mit 16 MB Cache ist sie ideal für Desktop-PCs und andere anspruchsvolle Anwendungen.","{""Kapazität [GB]"":""500"",""Drehzahl [RPM]"":""7200"",""Schnittstelle"":""SATA 6 Gb/s"",""Formfaktor"":""3.5 Zoll"",""Cache [MB]"":""16"",""Qualität"":""Ok""}",Seagate,0,0,0,1.36,0,8,false,0,Stk,,Festplatten_Flashcards_Sticks,Festplatte,,,I-181125-0002,B-181125-0002,,,2026-01-05T18:25:25.572Z
019045,,2025-11-18T15:40:47.919Z,/media/I-181125-0003/00019-1.jpeg,Seagate Barracuda 1TB (PN:1CH162-543),"Die Seagate Barracuda 1TB Festplatte (PN:1CH162-543) ist eine interne 3,5-Zoll-Festplatte mit 1 TB Speicher, die über eine SATA 6Gb/s-Schnittstelle verfügt. Mit einer Drehzahl von 7200 RPM und 64 MB Cache bietet sie schnelle Datenverarbeitung und eignet sich ideal für Desktop-PCs und leistungsintensive Anwendungen.","{""Kapazität [GB]"":""1000"",""Schnittstelle"":""SATA 6 Gb/s"",""Drehzahl [RPM]"":""7200"",""Cache [MB]"":""64"",""Formfaktor"":""3.5 Zoll"",""Stromversorgung"":""5V, 12V"",""Betriebstemperatur"":""0 °C bis 60 °C"",""Qualität"":""Ok""}",Seagate,147,102,26,0.63,0,1,false,0,Stk,,Festplatten_Flashcards_Sticks,Festplatte,,,I-181125-0003,B-181125-0002,,,2026-01-05T18:25:25.572Z
019046,,2025-11-18T15:41:27.347Z,/media/I-181125-0004/00020-1.jpeg,Seagate Barracuda 250GB,"Interner 3,5‑Zoll‑Festplattenlaufwerk mit 250 GB Kapazität, 7200 RPM, 16 MB Cache und SATA‑3 (3 Gb/s) Schnittstelle – ideal für Desktop‑PCs.","{""Kapazität [GB]"":""250"",""Schnittstelle"":""SATA 3"",""Drehzahl [RPM]"":""7200"",""Cache [MB]"":""16"",""Formfaktor"":""3.5 Zoll"",""Maximale Datenübertragungsrate [MB/s]"":""600"",""Qualität"":""Ok""}",Seagate,1016,139,26,0.65,0,1,false,0,Stk,,Festplatten_Flashcards_Sticks,Festplatte,,,I-181125-0004,B-181125-0002,,,2026-01-05T18:25:25.572Z
019047,,2025-11-19T13:46:45.455Z,/media/I-191125-0001/19047-1.jpeg,Laptop-Taschen divers,Laptoptaschen in verschiedenen Grössem,,,0,0,0,0,0,20,false,0,Menge,,Non_IT,,,,I-191125-0001,B-191125-0002,,,2026-01-05T18:25:25.572Z
019049,,2025-11-19T15:13:17.906Z,/media/I-191125-0013/19049-1.jpeg,HPE EF0300FATFD,"Die HPE EF0300FATFD ist eine 300 GB große Enterprise-Festplatte im 3,5-Zoll-Formfaktor mit einer hohen Drehzahl von 15.000 RPM. Sie bietet eine SAS-Dual-Port-Schnittstelle (6 Gb/s) und ist für geschäftliche Anwendungen konzipiert, ideal für Hot-Plug-Einsätze.","{""Speicherkapazität"":""300 GB"",""Spindeldrehzahl"":""15.000 RPM"",""Schnittstelle"":""2 x SAS 600"",""Formfaktor"":""3,5 Zoll"",""Dual Port"":""true"",""Enterprise"":""true"",""Gewicht"":""0,907 kg"",""Abmessungen [mm]"":""75.7,118.7,15.6"",""Qualität"":""Ok""}",Hewlett-Packard Enterprise,1187,757,156,0.907,0,1,false,0,Stk,,Festplatten_Flashcards_Sticks,Festplatte,,,I-191125-0013,B-181125-0001,,,2026-01-05T18:25:25.572Z
019050,,2025-11-19T15:16:27.643Z,/media/I-191125-0015/19050-1.jpeg,EF0300FARMU,"Die HP EF0300FARMU ist eine 300 GB SAS‑Festplatte mit 15 000 U/min, die im 3,5‑Zoll‑Low‑Profile‑Formfaktor (LFF) betrieben wird. Sie richtet sich an professionelle Server‑ und NAS‑Umgebungen, die hohe Datenraten und geringe Größe erfordern.","{""Kapazität [GB]"":""300"",""Schnittstelle"":""SAS 3.0 (Serial Attached SCSI)"",""Umdrehungsgeschwindigkeit [RPM]"":""15 000"",""Formfaktor"":""3,5‑Zoll Low Profile"",""Spindle Speed"":""15 000 U/min"",""Drive Interface"":""Serial Attached SCSI (SAS) 3.0"",""Drive Dimensions"":""3,5\"" x 1/3H (Low Profile)"",""Qualität"":""Ok""}",HP,0,0,0,0,0,1,false,0,Stk,,Festplatten_Flashcards_Sticks,Festplatte,,,I-191125-0015,B-181125-0001,,,2026-01-05T18:25:25.572Z
019051,,2025-11-19T15:28:40.018Z,/media/I-191125-0019/19051-1.jpeg,Samsung Spinpoint F3 HD103SM,"Die Samsung Spinpoint F3 HD103SM ist eine 3,5"" SATA-Festplatte mit einer Speicherkapazität von 1 TB und einer Drehzahl von 7200 RPM. Sie verfügt über einen 32 MB Cache und hat die Abmessungen von 147 mm Länge, 101,5 mm Breite sowie 26,1 mm Höhe bei einem Gewicht von 0,47 kg.","{""Kapazität"":""1 TB"",""Drehzahl"":""7200 RPM"",""Cache"":""32 MB"",""Schnittstelle"":""SATA 6.0 Gbps"",""Formfaktor"":""3,5\"""",""Qualität"":""Ok""}",Samsung,147,1015,261,0.47,0,2,false,0,Stk,,Festplatten_Flashcards_Sticks,Festplatte,,,I-191125-0019,B-181125-0001,,,2026-01-05T18:25:25.572Z
019052,,2025-11-19T15:32:17.638Z,/media/I-191125-0020/19052-1.jpeg,Hitachi HDS721010CLA632,"Die Hitachi HDS721010CLA632 ist eine 3,5-Zoll-Festplatte mit einer Speicherkapazität von 1 TB und einer Umdrehungsgeschwindigkeit von 7200 RPM. Sie bietet eine SATA II-Schnittstelle sowie einen 32 MB Cache und ist ideal für Desktop-Anwendungen geeignet.","{""Kapazität [GB]"":""1000"",""Schnittstelle"":""SATA II (6 Gb/s)"",""Formfaktor"":""3.5 Zoll"",""Umdrehungsgeschwindigkeit [RPM]"":""7200"",""Cache [MB]"":""32"",""Qualität"":""Ok""}",Hitachi,0,0,0,0,0,1,false,0,Stk,,Festplatten_Flashcards_Sticks,Festplatte,,,I-191125-0020,B-181125-0001,,,2026-01-05T18:25:25.572Z
019053,,2025-11-19T15:33:59.262Z,/media/I-191125-0021/19053-1.jpeg,HP MB2000FBUCL,"Die HP MB2000FBUCL ist eine 3,5‑Zoll‑SAS‑Festplatte mit 2 TB Kapazität, 7200 U/min Umdrehungsgeschwindigkeit und 6 Gb/s Schnittstelle. Sie bietet 64 MB Cache, ist Hot‑Swap‑fähig und kommt mit einem Traysystem für Server‑Installationen.","{""Kapazität [GB]"":""2048"",""Umdrehungsgeschwindigkeit"":""7200 U/min"",""Schnittstelle"":""SAS 6G"",""Formfaktor"":""3.5 Zoll LFF"",""Cache"":""64 MB"",""HotSwap"":""Ja"",""Tray"":""Ja"",""Hersteller"":""HP"",""Modell"":""MB2000FBUCL"",""Qualität"":""Ok""}",HP,1016,10922,254,1.36,0,1,false,0,Stk,,Festplatten_Flashcards_Sticks,Festplatte,,,I-191125-0021,B-181125-0001,,,2026-01-05T18:25:25.572Z
019054,,2025-11-19T15:35:17.024Z,/media/I-191125-0022/19054-1.jpeg,Western Digital WD20EZRX,"Die Western Digital WD20EZRX ist eine zuverlässige 2TB SATA-Festplatte im 3,5-Zoll-Format mit einer Umdrehungsgeschwindigkeit von 5400 U/min. Sie eignet sich hervorragend für Desktop-Computer und NAS-Systeme.","{""Kapazität [GB]"":""2000"",""Schnittstelle"":""SATA 6.0 Gb/s"",""Formfaktor"":""3.5 Zoll"",""Cache [MB]"":""64"",""Umdrehungen pro Minute"":""5400"",""Qualität"":""Ok""}",Western Digital,147,1016,261,0.6,0,2,false,0,Stk,,Festplatten_Flashcards_Sticks,Festplatte,,,I-191125-0022,B-181125-0001,,,2026-01-05T18:25:25.572Z
019055,,2025-11-19T15:37:09.777Z,/media/I-191125-0023/19055-1.jpeg,HP MB2000FBZPN 2TB 7.2K RPM 6G SAS 3.5 Zoll HDD,"Die HP MB2000FBZPN ist eine leistungsstarke 3,5-Zoll-Festplatte mit 2TB Speicherkapazität, 7200 U/min und einer SAS-Schnittstelle. Ideal für den Einsatz in Servern und High-Performance-Umgebungen, bietet diese HDD eine zuverlässige Lösung für geschäftliche Anwendungen.","{""Speicherkapazität [TB]"":""2"",""Schnittstelle"":""SAS 6G"",""Drehzahl [RPM]"":""7200"",""Cache [MB]"":""64"",""Formfaktor"":""3.5 Zoll"",""HotSwap"":""Ja"",""Max. externe Datenübertragungsrate"":""6 Gb/s"",""Garantie"":""1 Jahr"",""Qualität"":""Ok""}",Hewlett Packard,1016,146,254,0.7,0,1,false,0,Stk,,Festplatten_Flashcards_Sticks,Festplatte,,,I-191125-0023,B-181125-0001,,,2026-01-05T18:25:25.572Z
019056,,2025-11-19T16:03:04.535Z,/media/I-191125-0027/19056-1.jpeg,WD10EZRZ 1TB,"WD10EZRZ 1TB – 3,5‑Zoll Desktop‑HDD, 5400 RPM, 64 MB Cache, SATA 6 Gb/s, 1 TB Speicherkapazität","{""Kapitazität [GB]"":""1000"",""Schnittstelle"":""SATA 6 Gb/s"",""Formfaktor"":""3.5 Zoll"",""Drehzahl [RPM]"":""5400"",""Cache [MB]"":""64"",""Qualität"":""Ok""}",Western Digital,147,1016,261,0.45,0,2,false,0,Stk,,Festplatten_Flashcards_Sticks,Festplatte,,,I-191125-0027,B-191125-0001,,,2026-01-05T18:25:25.572Z
019057,,2025-11-19T16:07:47.355Z,/media/I-191125-0031/19057-1.jpeg,Samsung HD105SI 1000GB,"Die Samsung HD105SI ist eine 1TB interne Festplatte im 3,5 Zoll Format, die für Desktop-Computer entwickelt wurde. Sie bietet eine Betriebsdrehzahl von 5400 RPM, eine SATA 3.0 Gbps Schnittstelle und einen Cache von 32MB, was sie zu einer soliden Wahl für Büroanwendungen und Datenspeicherung macht.","{""Kapazität [GB]"":""1000"",""Drehzahl [RPM]"":""5400"",""Schnittstelle"":""SATA 3.0 Gbps"",""Cache [MB]"":""32"",""Suchzeit [ms]"":""8.9"",""Qualität"":""Ok""}",Samsung,147,1015,261,0.625,0,2,false,0,Stk,,Festplatten_Flashcards_Sticks,Festplatte,,,I-191125-0031,B-191125-0001,,,2026-01-05T18:25:25.572Z
019058,,2025-11-19T16:11:44.917Z,/media/I-191125-0033/19058-1.jpeg,Seagate ST1000DM010,"3,5‑Zoll Interner Desktop‑HDD mit 1 TB Speicher, 7200 U/min, 64 MB Cache – ideal für PCs, Laptops und Workstations.","{""Kapazität [TB]"":""1"",""Umdrehungen [U/min]"":""7200"",""Cache [MB]"":""64"",""Sektorgröße [Byte]"":""4096"",""Durchschnittliche Suchzeit [ms]"":""8.5"",""Maximale Betriebsdauer [s]"":""10"",""Breite [mm]"":""101.6"",""Länge [mm]"":""147"",""Höhe [mm]"":""26.1"",""Qualität"":""Ok""}",Seagate,147,1016,261,0.4,0,1,false,0,Stk,,Festplatten_Flashcards_Sticks,Festplatte,,,I-191125-0033,B-191125-0001,,,2026-01-05T18:25:25.572Z
019059,,2025-11-19T16:12:53.994Z,/media/I-191125-0034/19059-1.jpeg,Seagate Barracuda ST31000524AS,"Die Seagate Barracuda ST31000524AS ist eine leistungsstarke 1TB SATA-Festplatte im 3,5-Zoll-Format mit einer Drehzahl von 7200 RPM und einem 32MB Cache für schnelle Datenübertragungen. Sie eignet sich ideal für Desktop-PCs und Serveranwendungen.","{""Kapazität [GB]"":""1000"",""Drehzahl [RPM]"":""7200"",""Schnittstelle"":""SATA 6 Gb/s"",""Formfaktor"":""3.5 Zoll"",""Cache [MB]"":""32"",""Qualität"":""Ok""}",Seagate,147,102,261,0.622,0,1,false,0,Stk,,Festplatten_Flashcards_Sticks,Festplatte,,,I-191125-0034,B-191125-0001,,,2026-01-05T18:25:25.572Z
019060,,2025-11-19T16:13:51.545Z,/media/I-191125-0035/19060-1.jpeg,WD10EURX 1TB,"Das Western Digital WD10EURX 1TB ist ein 3,5-Zoll SATA-600 AV-GP Laufwerk mit 5400 RPM und 64 MB Cache, ideal für 24/7 Betrieb in DVRs und Überwachungssystemen.","{""Kapazität [GB]"":""1000"",""Schnittstelle"":""SATA 600"",""Formfaktor"":""3.5 Zoll"",""Drehzahl [RPM]"":""5400"",""Cache [MB]"":""64"",""Betriebsart"":""24/7"",""Qualität"":""Ok""}",Western Digital,147,94,261,0.7,0,1,false,0,Stk,,Festplatten_Flashcards_Sticks,Festplatte,,,I-191125-0035,B-191125-0001,,,2026-01-05T18:25:25.572Z
019061,,2025-11-19T16:15:06.282Z,/media/I-191125-0036/19061-1.jpeg,Seagate Barracuda ST3750528AS,"750 GB Festplatte, 7.200 RPM, 32 MB Cache, 3,5‑"" SATA‑3 (3 Gb/s) – ideal für Desktop‑Speicher.","{""Kapazität [GB]"":""750"",""Spindelgeschwindigkeit [RPM]"":""7200"",""Cache [MB]"":""32"",""Schnittstelle"":""SATA III (3.0 Gb/s)"",""Formfaktor"":""3.5 Zoll"",""Qualität"":""Ok""}",Seagate,14699,1016,19812,0.622,0,1,false,0,Stk,,Festplatten_Flashcards_Sticks,Festplatte,,,I-191125-0036,B-191125-0001,,,2026-01-05T18:25:25.572Z
019062,,2025-11-19T16:17:13.398Z,/media/I-191125-0038/19062-1.jpeg,Seagate Barracuda ST1000DM003,"1 TB 3.5‑Zoll SATA-Festplatte – 7200 RPM, 64 MB Cache, zuverlässige Desktop-Leistung.","{""Speichergröße [TB]"":""1"",""Formfaktor"":""3.5 Zoll"",""Schnittstelle"":""SATA 6 Gb/s"",""Drehzahl [RPM]"":""7200"",""Cache [MB]"":""64"",""Qualität"":""Ok""}",Seagate,14699,1016,2017,0.4,0,1,false,0,Stk,,Festplatten_Flashcards_Sticks,Festplatte,,,I-191125-0038,B-191125-0001,,,2026-01-05T18:25:25.572Z
019063,,2025-11-19T16:17:52.383Z,/media/I-191125-0039/19063-1.jpeg,HP MB001000GWFGF 1TB,"Die HP MB001000GWFGF 1TB ist eine leistungsstarke 3,5-Zoll-Festplatte mit 7200 U/min, die für den Einsatz in HPE ProLiant-Servern konzipiert wurde. Sie bietet eine hohe Speicherkapazität von 1 TB und ist ideal für Datenintensive Anwendungen und Serveranwendungen geeignet.","{""Kapazität [GB]"":""1000"",""Schnittstelle"":""SATA 6 Gb/s"",""Drehzahl [RPM]"":""7200"",""Formfaktor"":""3.5 Zoll"",""Cache"":""128 MB"",""Qualität"":""Ok""}",HP,1016,889,261,0.69,0,1,false,0,Stk,,Festplatten_Flashcards_Sticks,Festplatte,,,I-191125-0039,B-191125-0001,,,2026-01-05T18:25:25.572Z
019064,,2025-11-19T16:21:00.779Z,/media/I-191125-0040/19064-1.jpeg,Western Digital WD5000AAKX-001CA0 500GB,"Die Western Digital WD5000AAKX-001CA0 ist eine zuverlässige 500 GB SATA-Festplatte im 3,5-Zoll-Format. Mit einer Drehzahl von 7200 RPM und 16 MB Cache bietet sie schnelle Datenübertragung und eignet sich hervorragend für Desktop-PCs und Server. Die SATA III-Schnittstelle ermöglicht hohe Übertragungsraten, wodurch sie eine ideale Wahl für Anwendungen mit hohem Speicherbedarf ist.","{""Kapazität [GB]"":""500"",""Schnittstelle"":""SATA III 6.0 Gb/s"",""Drehzahl [RPM]"":""7200"",""Cache [MB]"":""16"",""Formfaktor"":""3.5 Zoll"",""Qualität"":""Ok""}",Western Digital,147,1016,261,0.63,0,1,false,0,Stk,,Festplatten_Flashcards_Sticks,Festplatte,,,I-191125-0040,B-191125-0001,,,2026-01-05T18:25:25.572Z
019065,,2025-11-19T16:22:51.637Z,/media/I-191125-0043/19065-1.jpeg,Western Digital Blue WD10EZEX 1TB,"Die Western Digital Blue WD10EZEX 1TB ist eine interne SATA-Festplatte im 3,5-Zoll-Format. Mit einer Kapazität von 1TB und einer Drehzahl von 7200 RPM bietet sie zuverlässige Leistung für Desktop-PCs und NAS-Systeme. Ideal für die Speicherung von Daten, Musik, Bildern und Videos.","{""Kapazität [GB]"":""1000"",""Schnittstelle"":""SATA 6 Gb/s"",""Drehzahl (RPM)"":""7200"",""Cache [MB]"":""64"",""Formfaktor"":""3.5 Zoll"",""Gewicht [kg]"":""0.44"",""Höhe [mm]"":""26.1"",""Länge [mm]"":""147"",""Breite [mm]"":""101.6"",""Qualität"":""Ok""}",Western Digital,147,1016,261,0.44,0,3,false,0,Stk,,Festplatten_Flashcards_Sticks,Festplatte,,,I-191125-0043,B-191125-0001,,,2026-01-05T18:25:25.572Z
019066,,2025-11-19T16:27:54.915Z,/media/I-191125-0045/19066-1.jpeg,Seagate ST1000NM0033,"Die Seagate ST1000NM0033 ist eine Enterprise-Klasse 3,5"" SATA-Festplatte mit 1 TB Kapazität, 7200 RPM Drehzahl und 128 MB Cache. Sie bietet eine 6 Gb/s Schnittstelle und eine MTBF von 1,4 Millionen Stunden, ideal für Server- und NAS-Anwendungen.","{""Kapazität [GB]"":""1000"",""Schnittstelle"":""SATA III (6 Gb/s)"",""Drehzahl [RPM]"":""7200"",""Cache [MB]"":""128"",""MTBF [h]"":""1.4 M"",""Qualität"":""Ok""}",Seagate,147,10185,261,0.605,0,2,false,0,Stk,,Festplatten_Flashcards_Sticks,Festplatte,,,I-191125-0045,B-191125-0001,,,2026-01-05T18:25:25.572Z
019067,,2025-11-19T16:37:35.805Z,/media/I-191125-0050/19067-1.jpeg,Seagate ST2000NM0033,"2 TB Enterprise Capacity SATA‑6 Gb/s Laufwerk – 7 200 RPM, 128 MB Cache, 26 mm Höhe, 102 mm Breite, 147 mm Länge, 0,635 kg","Das Seagate ST2000NM0033 ist ein 3,5‑Zoll‑Enterprise‑Capacity‑Laufwerk der Constellation ES.3‑Familie. Mit einer Speicherkapazität von 2 TB, einer Drehzahl von 7 200 RPM und einem 128 MB‑Cache bietet es hohe Schreib‑ und Leseleistungen, hervorragende Zuverlässigkeit (MTBF 2 000 000 h) sowie verbesserte Fehlerkorrektur‑ und Redundanzmechanismen. Das Laufwerk eignet sich ideal für RAID‑Setups, Cloud‑Speicher, Backup‑Lösungen und Überwachungssysteme. Es ist vollständig SAS‑kompatibel, jedoch im SATA‑600‑Standard verfügbar. Das Design entspricht den SFF‑8201‑Standards für Small‑Form‑Factor‑Laufwerke, wobei die Anschlussgrößen den SFF‑8223‑Spezifikationen entsprechen.",Seagate,147,1018,261,0.635,0,1,false,0,Stk,,Festplatten_Flashcards_Sticks,Festplatte,,,I-191125-0050,B-191125-0001,,,2026-01-05T18:25:25.572Z
019068,,2025-11-19T16:42:16.601Z,/media/I-191125-0052/19068-1.jpeg,WD10EARX-22N0YB0,"Die WD10EARX-22N0YB0 ist eine 1 TB Festplatte im 3,5-Zoll-Format von Western Digital, die mit SATA 6 Gb/s und einer Drehzahl von 5400 RPM eine effiziente Speicherlösung für Desktop-PCs bietet. Sie bietet mit 64 MB Cache und einer durchschnittlichen Zugriffszeit von 14 ms zusätzlich eine gute Leistung.","{""Kapazität [GB]"":""1000"",""Cache [MB]"":""64"",""Drehzahl [RPM]"":""5400"",""Schnittstelle"":""SATA 6.0 Gb/s"",""Durchschnittliche Zugriffszeit [ms]"":""14"",""Formfaktor"":""3.5 Zoll"",""Qualität"":""Ok""}",Western Digital,1016,147,261,0.45,0,1,false,0,Stk,,Festplatten_Flashcards_Sticks,Festplatte,,,I-191125-0052,B-191125-0001,,,2026-01-05T18:25:25.572Z
019069,,2025-11-19T16:45:40.941Z,/media/I-191125-0054/19069-1.jpeg,WD2000FYYZ-01UL1B0,"Western Digital Re 2TB Enterprise Hard Drive, 7200 RPM, 64MB Cache, 3.5"" SATA 6Gb/s","{""Kapazität [GB]"":""2000"",""Drehzahl [RPM]"":""7200"",""Cache [MB]"":""64"",""Schnittstelle"":""SATA 6Gb/s"",""Formfaktor"":""3.5 Zoll"",""Qualität"":""Ok""}",Western Digital,1194,962,259,1.2,0,4,false,0,Stk,,Festplatten_Flashcards_Sticks,Festplatte,,,I-191125-0054,B-191125-0001,,,2026-01-05T18:25:25.572Z
019070,,2025-11-19T16:50:17.401Z,/media/I-191125-0058/19070-1.jpeg,WD2002FYPS-02W3B0,"WD2002FYPS-02W3B0 – 2 TB, 3.5"" Enterprise Hard Drive","Western Digital RE4‑GP 2 TB Enterprise Hard Drive (model WD2002FYPS‑02W3B0). 3.5"" 5.4 K RPM drive featuring a 64 MB cache, dual processors and the GreenPower platform for power‑saving operation. It provides reliable, high‑capacity storage for business and data‑center applications.",Western Digital,147,1016,261,0.73,0,1,false,0,Stk,,Festplatten_Flashcards_Sticks,Festplatte,,,I-191125-0058,B-191125-0001,,,2026-01-05T18:25:25.572Z
019071,,2025-11-19T16:54:32.929Z,/media/I-191125-0059/19071-1.jpeg,WD30PURX-64P6ZY0,"Der WD30PURX-64P6ZY0 ist ein 3,5‑Zoll-Desktop‑Hard‑Drive von Western Digital, der 3 TB Speicherplatz, eine Drehzahl von 5400 RPM, 64 MB Cache und eine SATA‑6 Gb/s‑Schnittstelle bietet.","{""Kapazität"":""3TB"",""Drehzahl"":""5400 RPM"",""Cache"":""64 MB"",""Schnittstelle"":""SATA 6Gb/s"",""Formfaktor"":""3,5"",""Qualität"":""Ok""}",Western Digital,0,0,0,0,0,2,false,0,Stk,,Festplatten_Flashcards_Sticks,Festplatte,,,I-191125-0059,B-191125-0003,,,2026-01-05T18:25:25.572Z
019072,,2025-11-19T16:56:49.566Z,/media/I-191125-0060/19072-1.jpeg,Western Digital Purple 4TB (WD40PURX-64GVNY0),"Die Western Digital Purple 4TB (WD40PURX-64GVNY0) ist eine interne Festplatte mit 4 TB Speicherkapazität, optimiert für den 24/7-Einsatz in Überwachungssystemen. Mit einer Geschwindigkeit von 5400 RPM und einer SATA-Schnittstelle mit 6Gb/s bietet sie zuverlässige Leistung für kontinuierliche Videoaufnahmen. Der 64MB Cache sorgt für schnelles Datenmanagement.","{""Kapazität [TB]"":""4"",""Schnittstelle"":""SATA 6.0 Gbps"",""Spindelgeschwindigkeit [RPM]"":""5400"",""Cache [MB]"":""64"",""Formfaktor"":""3.5 Zoll"",""Typ"":""Interne Festplatte"",""Qualität"":""Ok""}",Western Digital,147,1016,261,0.63,0,1,false,0,Stk,,Festplatten_Flashcards_Sticks,Festplatte,,,I-191125-0060,B-191125-0003,,,2026-01-05T18:25:25.572Z
019076,,2025-11-19T20:25:53.807Z,/media/I-191125-0003/19076-1.jpeg,AMD Ryzen™ 5 9600,"Der AMD Ryzen 5 9600 ist ein leistungsstarker 6-Kern/12-Thread-Prozessor auf 4-nm-Technologie, ideal für Gaming, Content-Creation und All-Day-Produktivität.","{""Kerne"":""6"",""Threads"":""12"",""Basis Taktfrequenz"":""3,80 GHz"",""Boost Taktfrequenz"":""bis zu 5,20 GHz"",""Cache"":""6 MB L2,32 MB L3"",""TDP"":""65 W"",""Größe [cm]"":""4 x 4"",""Qualität"":""Ok""}",AMD,40,40,0,0,0,6,false,0,Stk,,Mainboard_CPU_Ram,Prozessor,,,I-191125-0003,B-191125-0004,,,2026-01-05T18:25:25.572Z
019077,,2025-11-19T21:42:15.237Z,/media/I-191125-0004/19077-1.jpeg,AMD Ryzen 5 2400G,"Der AMD Ryzen 5 2400G ist ein leistungsstarker Desktop-Prozessor mit 4 Kernen und integrierter Radeon RX Vega 11 Grafikeinheit. Er bietet eine Grundfrequenz von 3,6 GHz, die auf bis zu 3,9 GHz gesteigert werden kann, und basiert auf der Zen-Architektur. Ideal für Gaming und Multimedia-Anwendungen.","{""Architektur"":""Zen"",""Kerne"":""4"",""Threads"":""8"",""Basis-Takt"":""3.6 GHz"",""Boost-Takt"":""3.9 GHz"",""L3-Cache"":""4 MB"",""TDP"":""65 W"",""Grafik"":""Radeon RX Vega 11"",""Qualität"":""Ok""}",AMD,0,0,0,0,0,1,false,0,Stk,,,,,,I-191125-0004,B-191125-0004,,,2026-01-05T18:25:25.572Z
019078,,2025-11-19T21:49:01.554Z,/media/I-191125-0005/19078-1.jpeg,Corsair Hydro Series H60 (CWCH60),"Der Corsair Hydro Series H60 (CWCH60) ist ein leistungsstarker All-in-One Flüssigkeits-CPU-Kühler mit einem 120 mm Radiator. Er kombiniert innovative Kühltechnologie mit einem kompakten Design, um eine effektive Wärmeabfuhr für eine Vielzahl von Prozessoren zu bieten.","{""Modell"":""H60"",""Kühler-Art"":""Flüssigkeitskühler"",""Radiator-Dimensionen"":""120 mm"",""Maximale Fan-Drehzahl"":""1700 RPM"",""Lautstärke"":""30.2 dBA"",""Kompatibilität"":""LGA1156,AM2,LGA1366,AM3,LGA1155,AM4"",""Qualität"":""Ok""}",Corsair,120,120,25,0.6,0,1,false,0,Stk,,Kühlung,Kühlkörper_mit_Ventilator,,,I-191125-0005,B-191125-0004,,,2026-01-05T18:25:25.572Z
019079,,2025-11-19T22:03:17.847Z,/media/I-191125-0006/19079-1.jpeg,Western Digital WD40EFRX 4TB,"Die Western Digital WD40EFRX 4TB ist eine zuverlässige NAS-Festplatte mit einer Kapazität von 4 TB im 3,5-Zoll-Format. Sie bietet eine SATA-Schnittstelle und eine Drehzahl von 5400 RPM, ideal für den Dauerbetrieb in NAS-Systemen.","{""Kapazität [TB]"":""4"",""Cache [MB]"":""64"",""Formfaktor"":""3.5 Zoll"",""Schnittstelle"":""SATA 6 Gb/s"",""Drehzahl [RPM]"":""5400"",""Qualität"":""Ok""}",Western Digital,147,1016,261,0.68,0,1,false,0,Stk,,Festplatten_Flashcards_Sticks,Festplatte,,,I-191125-0006,B-191125-0004,,,2026-01-05T18:25:25.572Z
019080,,2025-11-19T22:05:41.499Z,/media/I-191125-0007/19080-1.png,Arctic Freezer 7 Pro,,,,0,0,0,0,0,2,false,0,Stk,,,,,,I-191125-0007,B-191125-0004,,,2026-01-05T18:25:25.572Z
019081,,2025-11-19T22:13:52.096Z,/media/I-191125-0008/19081-1.jpeg,AMD Wraith Stealth Am4,Kühler für Socket AM4 | AM5 and AMD Ryzen™ Processors,,,0,0,0,0,0,1,false,0,Stk,,Kühlung,Kühlkörper_mit_Ventilator,,,I-191125-0008,B-191125-0004,,,2026-01-05T18:25:25.572Z
019082,,2025-11-19T22:15:26.865Z,/media/I-191125-0009/19082-1.jpeg,intel E41759-002,"Der Intel E41759-002 ist ein Luftkühler für Intel CPUs mit Sockeln 1150, 1155/1156, 1151/1151 v2 und 1200. Er bietet eine Kühlleistung mit einem maximalen TDP von 73 Watt und einem Lüfterdurchmesser von 80 mm.","{""TDP"":""73 W"",""Habitat"":""Sockel 1156"",""Lüftergröße"":""80 mm"",""Kompatible CPUs"":""Intel Core i3, i5, i7"",""Stromversorgung"":""4-Pin Connector"",""Kühlmethode"":""Luft"",""Maße"":""88 x 45 x 88 mm"",""Qualität"":""Ok""}",Intel,88,45,88,0.273,0,1,false,0,Stk,,Kühlung,Ventilator,,,I-191125-0009,B-191125-0004,,,2026-01-05T18:25:25.572Z
019083,,2025-11-19T22:17:52.577Z,/media/I-191125-0010/19083-1.jpeg,Intel E97379-003,"Der Intel E97379-003 ist ein CPU-Kühler und Lüfter, der für Intel Core i3, i5 und i7 Prozessoren geeignet ist. Er unterstützt die LGA 1150, 1151, 1155 und 1156 Sockeltypen und bietet eine effiziente Kühlleistung.","{""Socket_Typ"":""LGA 1150/1151/1155/1156"",""Max_TDP"":""95W"",""Drehzahl"":""1200 - 2500 RPM"",""Geräuschpegel"":""22 dBA"",""Lagerart"":""Hydro Bearing"",""Betriebsspannung"":""12 V DC"",""Qualität"":""Ok""}",Intel,120,120,25,0.21,0,1,false,0,Stk,,Kühlung,Kühlkörper,,,I-191125-0010,B-191125-0004,,,2026-01-05T18:25:25.572Z
019084,,2025-11-19T22:20:36.465Z,/media/I-191125-0011/19084-1.jpeg,GELID Silent 12 PWM,,,,0,0,0,0,0,1,false,0,Stk,,,,,,I-191125-0011,B-191125-0004,,,2026-01-05T18:25:25.572Z
019085,,2025-11-19T22:26:03.585Z,/media/I-191125-0012/19085-1.png,"Western Digital WD2502ABYS 250GB 3.5"" SATA Enterprise HDD","250 GB Enterprise-HDD mit 7200 RPM, 16 MB Cache und SATA-3-Gb/s, konzipiert für geschäftskritische Anwendungen und fertig für Standard-3,5-Zoll-Gehäuse.","{""Kapazität [GB]"":""250"",""Schnittstelle"":""SATA 3 Gb/s"",""Formfaktor"":""3.5 Zoll"",""Drehzahl [RPM]"":""7200"",""Cache [MB]"":""16"",""Qualität"":""Ok""}",Western Digital,147,1016,261,0.73,0,3,false,0,Stk,,Festplatten_Flashcards_Sticks,Festplatte,,,I-191125-0012,B-191125-0004,,,2026-01-05T18:25:25.572Z
019086,,2025-11-19T23:17:20.440Z,/media/I-201125-0001/19086-1.png,AMD Ryzen 5 5600GT,"Sechs‑Kern, 12‑Thread Desktop‑CPU mit integrierten Radeon‑Grafiken – 3,6 GHz Basis, 4,6 GHz Turbo, 65 W TDP.","Der AMD Ryzen 5 5600GT ist ein Desktop-Prozessor der 5000er‑Serie, der auf der Zen‑3‑Architektur mit 6 Kernen und 12 Threads basiert. Er ist mit eingebauten Radeon‑Vega‑7‑Grafiken ausgestattet und eignet sich für Alltagsrechnungen sowie leichtes Gaming. Der Prozess liegt bei 7 nm FinFET (TSMC) und umfasst 10,7 Mrd. Transistoren. Das Standard‑TDP beträgt 65 W und das Paket wird mit einem Wraith‑Stealth‑Kühler geliefert. Die CPU verfügt über einen 3,6 GHz Basistakt, einen Boost‑Takt von 4,6 GHz und unterstützt PCIe 4.0. Integrierte Vega‑7‑Grafiken bieten eine Leistung von etwa 3,5 TFLOPS, was für 1080‑p Spiele ohne dedizierte Grafikkarte ausreichend ist. Der Prozessor ist ideal für Budget‑PC‑Lösungen, die sowohl tägliche Aufgaben als auch leichtes Gaming erfordern.","Advanced Micro Devices, Inc.",0,0,0,0,0,1,false,0,Stk,,Mainboard_CPU_Ram,Prozessor,,,I-201125-0001,B-191125-0004,,,2026-01-05T18:25:25.572Z
019087,,2025-11-19T23:19:59.141Z,/media/I-201125-0002/19087-1.jpeg,Intel Core 2 Duo E8400,"Der Intel Core 2 Duo E8400 ist ein leistungsstarker Dual-Core-Desktop-Prozessor mit einer Taktrate von 3,0 GHz. Dieser Prozessor gehört zur Wolfdale-Architektur und nutzt einen 45-nm-Fertigungsprozess. Er bietet 6 MB L2-Cache und eine TDP von 65 W, ideal für Multithread-Anwendungen.","{""Kerne"":""2"",""Threads"":""2"",""Taktfrequenz"":""3.0 GHz"",""L2 Cache"":""6 MB"",""Sockeltyp"":""LGA 775"",""FSB Geschwindigkeit"":""1333 MHz"",""TDP"":""65 W"",""Qualität"":""Ok""}",Intel,145,134,79,0.27,0,1,false,0,Stk,,Mainboard_CPU_Ram,Prozessor,,,I-201125-0002,B-191125-0004,,,2026-01-05T18:25:25.572Z
019088,,2025-11-19T23:21:33.363Z,/media/I-201125-0003/19088-1.jpeg,Nidec D09B-12PLL,"Nidec D09B-12PLL ist ein neuer Server-Square-Lüfter mit den folgenden Eigenschaften:
- Spannung: DC 12V
- Stromstärke: 0.09A
- Abmessungen: 92x92x25mm
- Anschluss: 2-Draht.","{""Spannung"":""DC 12V"",""Stromstärke"":""0.09A"",""Abmessungen"":""92x92x25mm"",""Anschluss"":""2-Draht"",""Qualität"":""Ok""}",Nidec,92,92,25,0,0,1,false,0,Stk,,Kühlung,Ventilator,,,I-201125-0003,B-191125-0004,,,2026-01-05T18:25:25.572Z
019089,,2025-11-19T23:23:31.806Z,/media/I-201125-0004/19089-1.jpeg,Delta Electronics FHS-A7015S,"Der Delta Electronics FHS-A7015S ist ein kompakter CPU-Kühler aus Aluminium, der für AMD AM2/AM3-Sockel mit einer maximalen TDP von 65 W konzipiert ist. Er bietet effiziente Wärmeabfuhr und ist ideal für Desktop-Installationen.","{""Material"":""Aluminium"",""Abmessungen [mm]"":""77,68,38"",""TDP [W]"":""65"",""Anschluss"":""4-Pin Molex (12 V, 0,5 A)"",""Kompatibilität"":""AMD Athlon,AMD Sempron"",""Betriebsbedingungen"":""Für Desktop-Gehäuse konzipiert"",""Qualität"":""Ok""}",Delta Electronics,77,68,49,0.169,0,1,false,0,Stk,,Kühlung,Kühlkörper,,,I-201125-0004,B-191125-0004,,,2026-01-05T18:25:25.572Z
019091,,2025-11-20T00:00:42.963Z,/media/I-201125-0008/19091-1.jpeg,Ethernetkabel (diverse Längen),,,,0,0,0,0,0,120,false,0,Menge,,,,,,I-201125-0008,B-201125-0003,,,2026-01-05T18:25:25.572Z
019092,,2025-11-24T10:27:05.845Z,/media/I-241125-0001/19092-1.png,Sony Vaio PCG-5J4M,"Der Sony Vaio PCG-5J4M ist ein vielseitiger Laptop, ausgestattet mit einem Intel T7250 Prozessor und optimal für alltägliche Anwendungen. Er bietet eine Kombination aus Leistungsfähigkeit und mobiler Flexibilität und ist ideal für Nutzer, die einen zuverlässigen Begleiter für Studium und Arbeit suchen.","{""Prozessor"":""Intel T7250"",""Taktfrequenz"":""2.00 GHz"",""RAM"":""2 GB"",""Festplattenspeicher"":""320 GB HDD"",""Betriebssystem"":""Windows Vista"",""Qualität"":""Ok""}",Sony,0,0,0,2.1,0,1,false,0,Stk,,Laptop_und_Zubehör,Laptop,,,I-241125-0001,,,,2026-01-05T18:25:25.572Z
019093,,2025-11-24T10:31:34.255Z,/media/I-241125-0002/19093-1.png,Fujitsu Celsius M720 Workstation mit Intel Xeon Prozessoren und NVIDIA Grafikkarten für anspruchsvolle Anwendungen,"Die Fujitsu Celsius M720 ist eine leistungsstarke Workstation, die für professionelle Anwendungen ausgelegt ist. Ausgestattet mit Intel Xeon Prozessoren und NVIDIA-Grafiklösungen bietet sie optimale Leistung für kreative und technische Aufgaben.","{""Prozessor"":""Intel Xeon E5-2670 oder E5-1620"",""RAM"":""16 GB oder mehr"",""Speicher"":""240 GB SSD oder 500 GB HDD"",""Grafik"":""NVIDIA Quadro K600 oder gleichwertig"",""Schnittstelle"":""USB, LAN 10/100/1000 Mbps"",""Betriebssystem"":""Windows 7 Professional oder Windows 10"",""Qualität"":""Ok""}",Fujitsu,186,481,430,15,0,1,false,0,Stk,,Computer_und_Komplettsysteme,Workstation_etc,,,I-241125-0002,,,,2026-01-05T18:25:25.572Z
019094,,2025-11-24T10:46:24.316Z,/media/I-241125-0003/19094-1.png,Medion PC MT28,"Medion PC MT28 – ein Desktop-PC für den Alltag mit Intel‑i3-Prozessor, 6 GB RAM, 512 GB SSD, 4 TB HDD und Windows 11. Robust, kompakt und mit HDMI‑Ausgabe.","{""CPU"":""Intel i3"",""SSD"":""512 GB"",""HDD"":""4 TB"",""Grafik"":""integriert"",""Gewicht_kg"":""7"",""Qualität"":""Ok""}",Medion,386,170,381,7,0,1,false,0,Stk,,Computer_und_Komplettsysteme,Standard_PC,,,I-241125-0003,,,,2026-01-05T18:25:25.572Z
019096,,2025-11-24T10:59:02.155Z,/media/I-241125-0005/19096-1.png,Samsung TC242W,"23,5‑Zoll Full‑HD‑LED‑Monitor mit eingebautem AMD‑GX‑222 2,2 GHz Dual‑Core‑Prozessor, 4 GB DDR3‑RAM, 32 GB HDD – ideal für Büros und leichte Spiele.","{""Bildschirmgröße"":""23,5 Zoll"",""Auflösung"":""1920 × 1080 px"",""Prozessor"":""AMD GX-222 2,2 GHz Dual-Core"",""RAM"":""4 GB DDR3"",""Speicher"":""32 GB HDD"",""Anschlüsse"":""VGA, DVI"",""Funktionen"":""Höhenverstellbar,Neigbar,Schwenkbar"",""Qualität"":""Ok""}",Samsung,597,235,195,5.9,0,1,false,0,Stk,,Computer_und_Komplettsysteme,Thin_Client,Monitor_Beamer_Kamera,Flachbildschirm,I-241125-0005,,,,2026-01-05T18:25:25.572Z
019097,,2025-11-27T14:21:34.792Z,/media/I-271125-0001/19097-1.jpeg,LG V20,"LG V20 – ein High‑End‑Smartphone von LG mit 5,7‑Zoll QHD‑Display, Dual‑Kamera und herausnehmbarer 3200 mAh‑Batterie.","Das LG V20, 2016 eingeführt, war das Flagship der LG V‑Serie. Es besticht durch ein 5,7‑Zoll QHD‑Display, duale 12‑MP‑Kameras, einen Snapdragon‑820‑SoC, 4 GB RAM, 64 GB internen Speicher sowie einen 3200 mAh‑Batterie, die dank der herausnehmbaren Bauweise austauschbar ist. Weitere Highlights sind die Hi‑Fi‑Quad‑DAC‑Technologie und ein schlanker, mit Aluminium-Magnesium-Silizium-Copper-Legierung ummantelter Körper.",LG Electronics,159,78,7,0.174,0,1,false,0,Stk,,Spielkonsolen_Telefone_diverse_ext_Geraete,Handy_Smartphone,,,I-271125-0001,,,,2026-01-07T14:10:51.519Z
019099,,2025-12-03T14:13:18.285Z,/media/I-031225-0001/19099-1.png,nva-p1060-000 (B),NVIDIA GeForce RTX 3070 Ti graphics card with 16 GB GDDR6X memory. Designed for high-performance gaming and content creation.,"{""Model"":""NVIDIA GeForce RTX 3070 Ti"",""Graphics API Support"":"" DirectX 12, Vulkan, OpenGL 4.6"",""Memory Type"":""GDDR6X"",""Memory Size"":""16 GB"",""Qualität"":""Ok""}",NVIDIA,0,0,0,0,0,1,false,0,Stk,,,,,,I-031225-0006,B-031225-0001,,,2026-01-05T18:25:25.572Z
019100,,2025-12-03T14:13:05.350Z,/media/I-031225-0001/19100-1.png,ASUS Radeon HD 5450 (MSQ-C027PI(B)),"Die ASUS Radeon HD 5450 (MSQ-C027PI(B)) ist eine kompakte, fan‑less Grafik‑Karte mit 1 GB DDR3‑Speicher und einer PCI Express 2.1 x16‑Schnittstelle. Sie bietet solide Performance für leichte Gaming‑Anwendungen, Multimedia‑Spiele und professionelle Bildbearbeitung im Home‑PC‑Segment.","{""Modell"":""EAH5450/DI/1GD3/A"",""RAM"":""1 GB DDR3"",""RAM-Geschwindigkeit"":""400 MHz (DDR3‑LP)"",""Schnittstelle"":""PCI Express 2.1 x16"",""GPU-Serie"":""AMD Radeon HD 5000"",""GPU-Core‑Clock"":""650 MHz"",""Memory‑Clock"":""400 MHz"",""Speicherinterface"":""64‑bit"",""Maximale Auflösung"":""2560 × 1600 Pixel"",""Eyefinity‑Multi‑Display‑Support"":""Ja"",""TDP"":""19 W"",""Abmessungen (L × B × H)"":""150 × 61 × 21 mm"",""Gewicht"":""154 g"",""Qualität"":""Ok""}",ASUS,150,61,21,0.154,0,1,false,0,Stk,,Steckkarten,Graphikkarte,,,I-031225-0005,B-031225-0001,,,2026-01-06T10:23:56.134Z
019101,,2025-12-03T13:03:34.904Z,/media/I-031225-0001/19101-1.png,Vida GTX Ti v261 ver3.0,,,,0,0,0,0,0,1,false,0,Stk,,Steckkarten,Graphikkarte,,,I-031225-0001,B-031225-0001,,,2026-01-06T09:49:07.823Z
019102,,2025-12-08T09:24:52.161Z,/media/I-081225-0001/19102-1.png,GIGABYTE GV-R485MC-1GI,Die GIGABYTE GV-R485MC-1GI ist eine leistungsstarke Grafikkarte mit Radeon HD 4850 Grafikprozessor und 1 GB GDDR3-Speicher. Sie unterstützt PCI Express 2.0 und bietet beeindruckende Performance für Spiele und grafikintensive Anwendungen.,"{""Grafikprozessor"":""Radeon HD 4850"",""Kern-Taktfrequenz"":""640 MHz"",""Speichertaktfrequenz"":""1880 MHz"",""Speicherkapazität [MB]"":""1024"",""Speichertyp"":""GDDR3"",""Speicherbus"":""256 bit"",""Schnittstelle"":""PCI-Express 2.0"",""Qualität"":""Ok""}",GIGABYTE,237,100,35,0.6,0,1,false,0,Stk,,Steckkarten,Graphikkarte,,,I-081225-0001,,,,2026-01-05T18:25:25.572Z
019103,,2025-12-08T09:33:47.053Z,/media/I-081225-0002/19103-1.png,PEGATRON DTURKSBAA10HP,"Die PEGATRON DTURKSBAA10HP ist eine leistungsfähige PCIe-Grafikkarte mit 1 GB GDDR3-Speicher. Diese Karte eignet sich gut für Desktop-PCs und bietet eine Vielzahl von Videoanschlüssen, darunter HDMI, DisplayPort und DVI. Sie liefert eine Pixelrate von bis zu 5.2 GPixel/s und eine Texelrate von 15.6 GTexel/s, was sie zu einer soliden Wahl für alltägliche Grafikaufgaben macht.","{""Speicher [MB]"":""1024"",""Speicherart"":""GDDR3"",""Schnittstelle"":""PCI Express 2.0 x16"",""Pixelrate [GPixel/s]"":""5.2"",""Texelrate [GTexel/s]"":""15.6"",""Anschlüsse"":""HDMI,DisplayPort,DVI"",""Qualität"":""Ok""}",PEGATRON,3048,1905,254,0.18,0,1,false,0,Stk,,Steckkarten,Graphikkarte,,,I-081225-0002,,,,2026-01-05T18:25:25.572Z
019104,,2025-12-19T10:18:59.690Z,/media/I-191225-0001/19104-1.png,Canon i-Sensys MF744Cdw,"Der Canon i-Sensys MF744Cdw ist ein multifunktionaler Farblaserdrucker, der drucken, kopieren, scannen und faxen kann. Mit einer schnellen Reaktionszeit und automatischen Funktionen ist er ideal für den Einsatz im Büro.","{""Drucktechnologie"":""Laser"",""Druckgeschwindigkeit"":""Bis zu 27 Seiten pro Minute (A4)"",""Maximale Druckauflösung"":""600 x 600 dpi"",""Papierkapazität"":""250 Blatt Eingabetableau,50 Blatt Mehrzweckfach,50 Blatt automatischer Dokumenteneinzug (ADF)"",""Schnittstellen"":""Ethernet,USB,Wi-Fi"",""besondere Merkmale"":""Touchscreen,Automatischer Duplexdruck"",""Qualität"":""Ok""}",Canon,471,469,460,26.5,0,1,false,0,Stk,,Drucker_Fax_Scanner,Multifunktionsgerät,,,I-191225-0001,,,,2026-01-05T18:25:25.572Z
019105,,2025-12-19T11:34:52.948Z,/media/I-191225-0003/19105-1.png,Gericom 1st Supersonic M6T,"Der Gericom 1st Supersonic M6T ist ein tragbarer Laptop, ausgestattet mit einem Intel Pentium III Prozessor und 512 MB SDRAM, der auf bis zu 1024 MB erweiterbar ist. Er bietet eine 28,6 GB Festplatte und eine ATI Mobility Radeon M6-P Grafik, was ihn ideal für grundlegende Anwendungen macht. Dieses Modell ist für Benutzer gedacht, die ein leichtes und kostengünstiges Notebook suchen.","{""Prozessor"":""Intel Pentium III 1200 MHz"",""RAM"":""512 MB (erweiterbar auf 1024 MB) SDRAM"",""Grafik"":""ATI Mobility Radeon M6-P 32MB AGP 4x GPU"",""Festplatte [GB]"":""28.6"",""Betriebssystem"":""Windows XP Home"",""Bildschirmgröße"":""14.1 Zoll"",""Qualität"":""Ok""}",Gericom,330,260,50,3.16,0,1,false,0,Stk,,Laptop_und_Zubehör,Laptop,,,I-191225-0003,,,,2026-01-05T18:25:25.572Z
019106,,2025-12-19T11:37:10.007Z,/media/I-191225-0004/19106-1.png,HP ProBook x360 440 G1,"Der HP ProBook x360 440 G1 ist ein leistungsstarkes 2-in-1 Notebook, das Flexibilität und Mobilität vereint. Mit einem 14-Zoll IPS-Touchscreen-Display in Full HD Qualität und Intel Core Prozessoren der 8. Generation, ist es ideal für Arbeit und Multimedia-Anwendungen.","{""Prozessor"":""Intel Core i7-8550U / 1.8 GHz"",""RAM"":""8 GB oder 16 GB DDR4 (häufigste Konfiguration: 16 GB)"",""Speicher"":""256 GB oder 512 GB SSD"",""Display"":""14\"" IPS Touchscreen, 1920 x 1080"",""Grafik"":""Intel UHD Graphics 620"",""Betriebssystem"":""Windows 10 Pro 64-Bit"",""Qualität"":""Ok""}",HP,340,235,194,1.72,0,1,false,0,Stk,,Laptop_und_Zubehör,Laptop,,,I-191225-0004,,,,2026-01-05T18:25:25.572Z
019107,,2025-12-19T13:59:31.240Z,/media/I-191225-0005/19107-1.png,Gericom Webboy PIII 800,"Der Gericom Webboy PIII 800 ist ein älterer Laptop mit einer Retro-Design-Ästhetik, der grundlegende Funktionen für alltägliche Aufgaben bietet. Aufgrund seiner besonderen Designmerkmale hat sich das Modell als beliebtes Sammlerstück etabliert.","{""Prozessor"":""Intel Pentium III 800 MHz"",""RAM"":""256 MB"",""HDD"":""30 GB"",""Formfaktor"":""Laptop"",""Qualität"":""Ok""}",Gericom,0,0,0,0,0,1,false,0,Stk,,,,,,I-191225-0005,,,,2026-01-05T18:25:25.572Z
019108,,2025-12-19T14:04:38.438Z,/media/I-191225-0007/19108-1.png,HP Pavilion 15-ab595nz,"Der HP Pavilion 15-ab595nz ist ein vielseitiges Notebook mit einem 15,6 Zoll großen LCD-Display, ideal für tägliche Aufgaben. Ausgestattet mit einem Intel Core i7-6500U Prozessor und einer 256GB SSD, bietet es schnellen Zugriff und ausreichend Speicherplatz für Anwendungen und Daten. Mit weiteren Anschlüssen bietet es flexible Nutzungsmöglichkeiten.","{""Displaygröße"":""15.6 Zoll"",""Auflösung"":""1366 x 768 Pixel"",""Prozessor"":""Intel Core i7-6500U"",""Grafik"":""Intel HD Graphics 520"",""Speicher"":""256GB SSD"",""Anschlüsse"":""HDMI,USB 3.0,Ethernet,Audio Jack"",""Betriebssystem"":""Windows 10"",""Qualität"":""Ok""}",HP,385,265,234,2.2,0,1,false,0,Stk,,Laptop_und_Zubehör,Laptop,,,I-191225-0007,,,,2026-01-05T18:25:25.572Z
002688,W,2025-11-19T16:06:32.728Z,/media/I-191125-0030/WD5000AAKS6.jpg,Western Digital Caviar Blue WD5000AAKS,"Die Western Digital Caviar Blue WD5000AAKS ist eine zuverlässige 500 GB SATA-Festplatte im 3,5-Zoll-Format, die mit 7200 RPM arbeitet und über einen 16 MB Cache verfügt. Ideal für Desktop-PCs bietet sie eine hohe Speicherkapazität und schnelles Datenhandling.","{""Kapazität [GB]"":""500"",""Schnittstelle"":""SATA"",""Formfaktor"":""3,5 Zoll"",""Drehzahl [RPM]"":""7200"",""Cache [MB]"":""16"",""Qualität"":""Ok""}",Western Digital,147,102,26,0.9,0,1,false,1,Stk,,Festplatten_Flashcards_Sticks,Festplatte,,,I-191125-0030,B-191125-0001,,,2026-01-05T18:25:25.572Z
000289,W,2025-11-19T16:08:13.903Z,/media/I-191125-0032/Samsung___320GB_4fd5c2ede11cd.jpg,"Samsung HD322HJ, 320GB",Die Samsung HD322HJ ist eine interne Festplatte mit einer Kapazität von 320 GB. Sie bietet eine hohe Leistung mit 7200 U/min und einem 16 MB Cache. Ideal für Desktop-Computersysteme.,"{""Kapazität [GB]"":""320"",""Schnittstelle"":""SATA 300"",""Drehzahl [RPM]"":""7200"",""Formfaktor"":""3.5 Zoll"",""Cache [MB]"":""16"",""Transferrate [MB/s]"":""300"",""Suchzeit [ms]"":""8.9"",""Qualität"":""Ok""}",Samsung,147,102,26,0.5,0,1,false,1,Stk,,Festplatten_Flashcards_Sticks,Festplatte,,,I-191125-0032,B-191125-0001,,,2026-01-05T18:25:25.572Z
000372,W,2025-11-19T23:41:03.432Z,/media/I-201125-0007/Stromkabel_Verl__503bcdca0b50a.jpg,Stromkabel Verlängerung für PCs etc.,,,diverse,0,0,0,0.2,0,55,false,1,Menge,,,,,,I-201125-0007,B-181125-0001,,,2026-01-05T18:25:25.572Z
003879,W,2025-12-08T09:39:27.078Z,/media/I-081225-0003/E5450 ASUS.jpg,Asus EAH5450 SILENT/DI/1GD3(LP),"Die Asus EAH5450 SILENT/DI/1GD3(LP) ist eine leise Grafikkarte, die für den Einsatz in PCs und heimischen Multimedia-Setups konzipiert ist. Sie bietet 1 GB GDDR3-Speicher und unterstützt eine maximale Auflösung von 2560 x 1600 Pixeln. Die Karte ist ideal für Anwendungen, die eine ruhige Umgebung erfordern, durch ihre passiv gekühlte Konstruktion.","{""Grafikspeicher [MB]"":""1024"",""Speicherschnittstelle"":""64 bit"",""Speichertakt [MHz]"":""800"",""Schnittstelle"":""PCI Express 2.1"",""Videoausgänge"":""HDMI,DVI-I"",""Max. Auflösung"":""2560 x 1600"",""API Unterstützung"":""DirectX 11,OpenGL"",""Qualität"":""Ok""}",Asus,170,120,60,0.2,0,2,false,1,Stk,,Steckkarten,Graphikkarte,,,I-081225-0003,,,,2026-01-05T18:25:25.572Z
004441,W,2025-11-19T15:42:41.035Z,/media/I-191125-0025/81oM1qs3+zL._AC_SS450_.jpg,Western Digital WD1003FBYX-01Y7B0,,,WesternDigital,0,0,0,0,0,21,false,1,Menge,,,,,,I-191125-0025,B-181125-0001,,,2026-01-05T18:25:25.572Z
004442,W,2025-11-19T16:04:34.809Z,/media/I-191125-0028/61BAltI5GIL._AC_SL1000_.jpg,WD1003FBYX-01Y7B1,,,WesternDigital,0,0,0,0,0,5,false,1,Stk,,,,,,I-191125-0028,B-191125-0001,,,2026-01-05T18:25:25.572Z
004444,W,2025-11-19T16:37:55.044Z,/media/I-191125-0051/samsung-f4eg.jpg,"Samsung HD204UI, 2TB","Die Samsung HD204UI ist eine interne Festplatte mit einer Speicherkapazität von 2 TB im 3,5-Zoll-Format, die sich ideal für Desktop-Computer und NAS-Systeme eignet. Mit einer Umdrehungsgeschwindigkeit von 5400 RPM und einem 32MB Cache bietet sie eine zuverlässige Leistung für die Datenverwaltung.","{""Kapasität [GB]"":""2000"",""Schnittstelle"":""SATA 3.0Gb/s"",""Drehzahl [RPM]"":""5400"",""Cache [MB]"":""32"",""Formfaktor"":""3.5\"""",""Qualität"":""Ok""}",Samsung,0,0,0,0.66,0,1,false,1,Stk,,Festplatten_Flashcards_Sticks,Festplatte,,,I-191125-0051,B-191125-0001,,,2026-01-05T18:25:25.572Z
004834,W,2025-11-19T15:41:13.339Z,/media/I-191125-0024/index16.jpg,Western Digital WD1002FAEX Black 1TB,"Der Western Digital Black WD1002FAEX Black 1 TB ist ein leistungsstarkes 3,5‑Zoll‑Festplattenlaufwerk für Desktop‑PCs. Er bietet 1 TB Speicher, 7200 RPM Drehgeschwindigkeit, 64 MB Cache und eine SATA 6 Gb/s‑Schnittstelle. Das kompakte Design und die hohe Leistungsfähigkeit machen ihn ideal für anspruchsvolle Desktop‑Anwendungen und Gaming‑Systeme.","{""Kapazität [GB]"":""1000"",""Drehzahl [RPM]"":""7200"",""Cache [MB]"":""64"",""Schnittstelle"":""SATA 6 Gb/s"",""Formfaktor"":""3,5\"""",""Qualität"":""Ok""}",Western Digital,145,100,25,2,0,1,false,1,Stk,,Festplatten_Flashcards_Sticks,Festplatte,,,I-191125-0024,B-181125-0001,,,2026-01-05T18:25:25.572Z
004845,W,2025-11-19T16:44:19.706Z,/media/I-191125-0053/index771.jpg,Seagate ST2000DM001 2000GB,"Die Seagate ST2000DM001 ist eine leistungsstarke interne Festplatte mit 2 TB Kapazität und einem 3,5-Zoll-Formfaktor. Sie bietet mit 7200 U/min und einer SATA 6Gb/s-Schnittstelle hohe Datenübertragungsraten und ist ideal für Desktop-Computer, NAS und Speicheranwendungen.","{""Kapazität [GB]"":""2000"",""Schnittstelle"":""SATA 6Gb/s"",""Formfaktor"":""3.5 Zoll"",""Drehzahl (RPM)"":""7200"",""Cache [MB]"":""64"",""Qualität"":""Ok""}",Seagate,147,101,26,0.695,0,1,false,1,Stk,,Festplatten_Flashcards_Sticks,Festplatte,,,I-191125-0053,B-191125-0001,,,2026-01-05T18:25:25.572Z
004848,W,2025-11-19T15:47:01.094Z,/media/I-191125-0026/index526.jpg,WD1002FBYS RE3 Enterprise 1TB,,,WesternDigital,145,100,25,2,0,3,false,1,Stk,,,,,,I-191125-0026,B-181125-0001,,,2026-01-05T18:25:25.572Z
000489,W,2025-11-19T16:32:26.684Z,/media/I-191125-0047/Seagate_ST3250318AS.jpg,Seagate Barracuda 7200.12 ST3250318AS 250GB,"Die Seagate Barracuda 7200.12 ST3250318AS ist eine 250 GB große interne Festplatte im 3,5-Zoll-Format mit 7200 U/min und 8 MB Cache. Sie bietet eine SATA 3Gb/s Schnittstelle und ist ideal für Desktop-PCs und Serveranwendungen.","{""Kapazität [GB]"":""250"",""Schnittstelle"":""SATA 3Gb/s"",""Formfaktor"":""3.5 Zoll"",""Drehzahl [RPM]"":""7200"",""Cache [MB]"":""8"",""Qualität"":""Ok""}",Seagate,147,102,20,0.8,0,1,false,1,Stk,,Festplatten_Flashcards_Sticks,Festplatte,,,I-191125-0047,B-191125-0001,,,2026-01-05T18:25:25.572Z
005000,W,2025-11-19T15:25:13.176Z,/media/I-191125-0018/waet.jpg,Western Digital WD5000AAKX-083CA1,"Die Western Digital WD5000AAKX-083CA1 ist eine leistungsstarke 500GB SATA-Festplatte im 3,5-Zoll-Format mit 7200 U/min. Sie ist ideal für Desktop-PCs und bietet hohe Datenraten sowie eine zuverlässige Leistung für verschiedene Anwendungen.","{""Kapazität [GB]"":""500"",""Schnittstelle"":""SATA 6 Gb/s"",""Formfaktor"":""3.5 Zoll"",""Drehzahl [RPM]"":""7200"",""Cache [MB]"":""16"",""Lautstärke [dB(A)]"":""25"",""Qualität"":""Ok""}",Western Digital,145,100,25,0.25,0,2,false,1,Stk,,Festplatten_Flashcards_Sticks,Festplatte,,,I-191125-0018,B-181125-0001,,,2026-01-05T18:25:25.572Z
005048,W,2025-11-19T15:23:15.831Z,/media/I-191125-0017/s-l50069.jpg,HP Z27X,,,HP / Compaq,0,0,0,0,0,1,false,0,Stk,,,,,,I-191125-0017,B-181125-0001,,,2026-01-05T18:25:25.572Z
005065,W,2025-11-19T20:04:16.448Z,/media/I-191125-0002/indexa88.jpg,Fortinet FortiGate 60D (Next-Generation Firewall),"Kompaktes All-in-One-Sicherheitsgerät mit Unified Threat Management (UTM) für kleine Unternehmen, Remote-Büros und Kundenprämissen. Integriert Firewall, VPN, Intrusion Prevention (IPS), URL-Filtering, Antivirus und Application Control. Unterstützt bis zu 1,5 Gbps Durchsatz und bietet 7 LAN-Ports (inkl. optionalem PoE). Ideal für einfache, aber leistungsstarke Netzwerksicherheit.","{""Model"":""FortiGate 60D"",""Durchsatz [Gbps]"":""1.5"",""Formfaktor"":""Desktop"",""Ports"":""2x WAN,7x LAN,1x DMZ"",""Sicherheitsfunktionen"":""Intrusion Prevention System (IPS),Antivirus,URL-Filtering,Application Control,VPN-Unterstützung"",""Betriebssystem"":""FortiOS 5"",""Gewicht [kg]"":""1.5"",""Qualität"":""Ok""}",Fortinet,215,150,40,1.5,0,1,false,1,Stk,,Externe_Netzwerkgeräte,Router_DSL_Modem_Wireless_AP,,,I-191125-0002,,,,2026-01-05T18:25:25.572Z
000052,W,2025-11-19T23:59:36.806Z,/media/I-201125-0013/Monitorkabel_VGA_4ec54172d3ae6.jpg,Monitorkabel VGA-VGA 1.8m,,,diverse,180,170,30,0.115,0,74,false,1,Menge,,,,,,I-201125-0010,B-191125-0001,,,2026-01-05T18:25:25.572Z
000053,W,2025-12-11T18:05:06.615Z,/media/I-111225-0001/IBM_Thinkpad_760_4e1d5634b9aed.jpg,IBM ThinkPad 760E,"Der IBM ThinkPad 760E ist ein zuverlässiger Laptop aus den 1990er Jahren, der mit einem Pentium-Prozessor (120-150 MHz) und einem CD-ROM-Laufwerk ausgestattet ist. Er bietet eine solide Leistung für grundlegende Aufgaben und ist ideal für Nostalgiker und Sammler von Vintage-Technologie.","{""CPU"":""Intel Pentium, 120-150 MHz"",""RAM"":""16 MB onBoard + 2x32 SODIMMs (max. 80 MB)"",""Festplatte"":""810/1080/1200 MB"",""Floppy Disk"":""3,5 Zoll, 1,44 MB intern (wechselbares Laufwerk)"",""Anschlüsse"":""CD-ROM-Laufwerk, austauschbar mit Floppylaufwerk oder erweiterter Batterie"",""Qualität"":""Ok""}",Lenovo / IBM,297,210,54,3,0,1,false,1,Stk,,Laptop_und_Zubehör,Laptop,,,I-111225-0001,,,,2026-01-05T18:25:25.572Z
005942,W,2025-11-19T16:49:33.350Z,/media/I-191125-0057/P91900019.jpg,Western Digital WD2003FYYS-02W0B1 2TB,"Die Western Digital WD2003FYYS-02W0B1 ist eine leistungsstarke 2TB SATA-Festplatte im 3,5-Zoll-Formfaktor, ideal für Enterprise-Anwendungen. Sie bietet eine Drehzahl von 7200 RPM und einen Cache von 64 MB, um hohe Datenübertragungsgeschwindigkeiten zu gewährleisten. Zudem ist sie für den 24/7-Einsatz in Servern und speicherintensiven Anwendungen konzipiert.","{""Kapazität [GB]"":""2000"",""Schnittstelle"":""SATA 3 Gb/s"",""Formfaktor"":""3.5 Zoll"",""Drehzahl [RPM]"":""7200"",""Cache [MB]"":""64"",""Qualität"":""Ok""}",WesternDigital,147,1016,261,0.75,0,3,false,1,Stk,,Festplatten_Flashcards_Sticks,Festplatte,,,I-191125-0057,B-191125-0001,,,2026-01-05T18:25:25.572Z
006098,W,2025-11-19T16:36:18.013Z,/media/I-191125-0048/44666b8e-9359-4a05-8b67-e9c8c14340dc_cropped.jpg,Seagate Barracuda Green ST2000DL003,"Die Seagate Barracuda Green ST2000DL003 ist eine interne 3,5-Zoll Festplatte mit einer Speicherkapazität von 2 TB. Sie besitzt eine SATA 6 Gb/s Schnittstelle, arbeitet mit einer Drehzahl von 5900 U/min und hat einen Cache von 64 MB, was sie ideal für umweltfreundliche Computing-Lösungen macht.","{""Kapazität [GB]"":""2000"",""Schnittstelle"":""SATA 6 Gb/s"",""Drehzahl [rpm]"":""5900"",""Cache [MB]"":""64"",""Qualität"":""Ok""}",Seagate,147,102,26,0.635,0,1,false,1,Stk,,Festplatten_Flashcards_Sticks,Festplatte,,,I-191125-0048,B-191125-0001,,,2026-01-05T18:25:25.572Z
006396,W,2025-11-19T15:19:19.657Z,/media/I-191125-0016/vlcsnap-2024-04-03-15h36m35s239.png,Toshiba DT01ACA050 500GB,"Die Toshiba DT01ACA050 500GB ist eine zuverlässige interne Festplatte im 3,5-Zoll-Format, optimiert für Desktop-PCs und NAS-Systeme. Sie bietet eine Geschwindigkeit von 7200 RPM und 32 MB Cache für effizientes Datenhandling. Ideal für alltägliche Anwendungen und Speicherlösungen.","{""Kapazität [GB]"":""500"",""Schnittstelle"":""SATA III (6 Gb/s)"",""Drehzahl [RPM]"":""7200"",""Cache [MB]"":""32"",""Formfaktor"":""3.5 Zoll"",""Qualität"":""Ok""}",Toshiba,147,101,26,0.65,0,1,false,1,Stk,,Festplatten_Flashcards_Sticks,Festplatte,,,I-191125-0016,B-181125-0001,,,2026-01-05T18:25:25.572Z
006426,W,2025-11-19T16:31:08.438Z,/media/I-191125-0046/IMG20240416150909.jpg,Western Digital WD5000AAKX-22ERMA0,"Die Western Digital WD5000AAKX-22ERMA0 ist eine 500GB große interne Festplatte im 3,5-Zoll-Format mit 7200 RPM und einem 16 MB Cache, ideal für Desktop-PCs.","{""Kapazität [GB]"":""500"",""Schnittstelle"":""SATA III 6 Gb/s"",""Formfaktor"":""3.5 Zoll"",""Cache [MB]"":""16"",""Drehzahl [RPM]"":""7200"",""Qualität"":""Ok""}",WesternDigital,150,105,26,0.45,0,1,false,1,Stk,,Festplatten_Flashcards_Sticks,Festplatte,,,I-191125-0046,B-191125-0001,,,2026-01-05T18:25:25.572Z
006427,W,2025-11-19T16:21:19.626Z,/media/I-191125-0041/IMG20240416152151.jpg,WD WD5000AAKX,"Die WD WD5000AAKX ist eine zuverlässige interne Festplatte mit 500 GB Kapazität im 3,5-Zoll-Format. Sie operiert mit einer Geschwindigkeit von 7200 RPM und bietet eine SATA 6 Gb/s Schnittstelle. Ideal für Desktop-PCs, bietet sie eine gute Leistung für alltägliche Anwendungen.","{""Kapazität [GB]"":""500"",""Schnittstelle"":""SATA 6Gb/s"",""Formfaktor"":""3.5 Zoll"",""Drehgeschwindigkeit [RPM]"":""7200"",""Cache [MB]"":""16"",""Qualität"":""Ok""}",Western Digital,150,105,261,0.45,0,1,false,1,Stk,,Festplatten_Flashcards_Sticks,Festplatte,,,I-191125-0041,B-191125-0001,,,2026-01-05T18:25:25.572Z
006472,W,2025-11-19T16:46:22.092Z,/media/I-191125-0055/vlcsnap-2024-05-16-11h20m04s763.png,WD20EARS-00MVWB0 2TB,"Die WD20EARS-00MVWB0 ist eine effiziente 2TB SATA-Festplatte im 3,5-Zoll-Formfaktor von Western Digital, die mit einer Rotationsgeschwindigkeit von 5400 RPM und einem 64 MB Cache ausgestattet ist. Sie eignet sich ideal für Desktop-PCs und NAS-Systeme.","{""Kapazität [GB]"":""2000"",""Schnittstelle"":""SATA 3.0 Gb/s"",""Drehzahl [RPM]"":""5400"",""Cache [MB]"":""64"",""Formfaktor"":""3.5 Zoll"",""Qualität"":""Ok""}",WesternDigital,145,100,0,0.63,0,1,false,1,Stk,,Festplatten_Flashcards_Sticks,Festplatte,,,I-191125-0055,B-191125-0001,,,2026-01-05T18:25:25.572Z
006566,W,2025-11-19T16:36:44.666Z,/media/I-191125-0049/6566-1.jpeg,Samsung SpinPoint F1 HD103UJ,"Die Samsung SpinPoint F1 HD103UJ ist eine leistungsstarke 1TB SATA-Festplatte im 3,5-Zoll-Format mit 7200 U/min. Sie bietet hervorragende Zuverlässigkeit für Desktop-PCs und Serveranwendungen und verfügt über eine 32MB Cache für flüssige Datenverarbeitung.","{""Kapazität [GB]"":""1000"",""Schnittstelle"":""SATA II (3 Gb/s)"",""Formfaktor"":""3.5 Zoll"",""Drehzahl [RPM]"":""7200"",""Cache [MB]"":""32"",""Qualität"":""Ok""}",Samsung,150,100,261,0.65,0,1,false,1,Stk,,Festplatten_Flashcards_Sticks,Festplatte,,,I-191125-0049,B-191125-0001,,,2026-01-05T18:25:25.572Z
006644,W,2025-12-19T14:01:26.182Z,/media/I-191225-0006/142.jpg,Acer Aspire E5-575,"Das Acer Aspire E5-575 ist ein vielseitiges Notebook mit einem 15,6 Zoll großen FHD-Display. Es bietet eine gute Leistung für den Alltag und eignet sich für Studierende sowie professionelle Nutzer. Es kommt mit verschiedenen Konfigurationen, darunter Intel Core Prozessoren der 7. Generation, genügend RAM und großen Speicheroptionen.","{""Displaygröße"":""15,6 Zoll"",""Displayauflösung"":""1920 x 1080"",""Prozessor"":""Intel Core i3-7100U,Intel Core i5-7200U"",""RAM"":""4GB DDR4"",""Speicher"":""1TB HDD"",""Schnittstellen"":""2x USB 3.0,1x USB 2.0,1x HDMI,1x USB-C"",""Betriebssystem"":""Linux/Windows 10 Optional"",""Akku"":""2800mAh"",""Qualität"":""Ok""}",Acer,260,380,30,2,0,2,false,1,Stk,,Laptop_und_Zubehör,Laptop,,,I-191225-0006,,,,2026-01-05T18:25:25.572Z
006736,W,2025-11-19T16:48:31.840Z,/media/I-191125-0056/vlcsnap-2024-09-10-15h41m44s263.png,Western Digital WD2000FYYZ-01UL1B2 2.0TB,Die Western Digital WD2000FYYZ-01UL1B2 ist eine zuverlässige interne Festplatte mit einer Speicherkapazität von 2 TB. Mit einer Drehzahl von 7200 RPM und einer SATA 6 Gb/s Schnittstelle eignet sich die Festplatte ideal für den Einsatz in Servern und NAS-Systemen.,"{""Kapazität [TB]"":""2"",""Drehzahl [RPM]"":""7200"",""Schnittstelle"":""SATA III"",""Cache [MB]"":""64"",""Formfaktor"":""3.5 Zoll"",""Qualität"":""Ok""}",WesternDigital,145,100,25,0.75,0,1,false,1,Stk,,Festplatten_Flashcards_Sticks,Festplatte,,,I-191125-0056,B-191125-0001,,,2026-01-05T18:25:25.572Z
000937,W,2025-11-19T23:56:58.421Z,/media/I-201125-0011/Monitorkabel_Dis_54945659df66d.jpg,DisplayPort Kabel (div. Längen),,,diverse,0,0,0,0.25,0,92,false,1,Menge,,,,,,I-201125-0011,B-171125-0001,,,2026-01-05T18:25:25.572Z
000942,W,2025-12-03T14:12:17.485Z,/media/I-031225-0004/Nvidia_8400GS_PC_54c288c4ae1f8.jpg,Nvidia 8400GS PCI‑E 512 MB,"Ein günstiges, wenig energieverbrauchendes GeForce 8400 GS PCI‑Express mit 512 MB DDR2‑Speicher – ideal für Multimedia‑Anwendungen und ältere Spiele.","Die NVIDIA GeForce 8400 GS ist eine Einstiegs‑Grafikkarte aus dem Jahr 2007, die auf dem 80‑nm‑Prozess basiert. Sie kombiniert einen 450 MHz / 567 MHz‑GPU‑Kern mit 512 MB DDR2‑Speicher (1000 MHz, effective) und läuft über einen PCI‑Express‑x1‑Schnittstelle. Die Karte ist besonders stromsparend (etwa 15 W) und kann an den meisten modernen Desktops problemlos eingesetzt werden, ohne zusätzliche Stromversorgung zu benötigen. Sie verfügt über VGA‑, DVI‑ und HDMI‑Ausgänge, unterstützt 3D‑Accelerated‑Grafik und Videodekodierung (PureVideo) und ist daher gut für Video‑Streaming, leichte Spiele und Office‑Anwendungen geeignet.",Nvidia,180,120,31,0.26,0,1,false,1,Stk,,Steckkarten,Graphikkarte,,,I-031225-0004,B-031225-0001,,,2026-01-06T10:15:33.163Z
